{
  "model.0.weight": [
    [
      0.22456803917884827,
      -1.0475339889526367
    ],
    [
      -0.6608298420906067,
      -1.1778744459152222
    ],
    [
      1.0038079023361206,
      0.5127092003822327
    ],
    [
      0.48328864574432373,
      -1.1988624334335327
    ],
    [
      -1.6891241073608398,
      0.34966644644737244
    ],
    [
      0.11041805148124695,
      -1.600771427154541
    ],
    [
      -0.28260162472724915,
      0.923105776309967
    ],
    [
      0.0563279390335083,
      0.03190350532531738
    ],
    [
      -0.46723809838294983,
      -1.9132450819015503
    ],
    [
      -1.4893226623535156,
      -0.8554199934005737
    ],
    [
      -1.4360157251358032,
      0.45937633514404297
    ],
    [
      -0.6579339504241943,
      -1.2754881381988525
    ],
    [
      1.1255759000778198,
      1.236910104751587
    ],
    [
      0.19831660389900208,
      -1.3045568466186523
    ],
    [
      -0.28882962465286255,
      0.2598903775215149
    ],
    [
      -1.2410142421722412,
      -0.8811655044555664
    ]
  ],
  "model.0.bias": [
    -0.5293164253234863,
    -0.47445371747016907,
    -0.445614755153656,
    -0.3503918945789337,
    0.17970365285873413,
    -0.5426283478736877,
    -0.4236409664154053,
    -0.6549738645553589,
    -0.43042370676994324,
    0.2558296024799347,
    -0.058796562254428864,
    -0.5294293165206909,
    -0.17416313290596008,
    -0.6231306791305542,
    -0.5631396770477295,
    0.06107081472873688
  ],
  "model.2.weight": [
    [
      0.3771750330924988,
      0.009260892868041992,
      0.14106954634189606,
      0.4474370777606964,
      -2.8738861083984375,
      0.5190314054489136,
      0.03869340941309929,
      0.19514983892440796,
      0.10538873821496964,
      -0.14538809657096863,
      -1.1728852987289429,
      -0.6863307952880859,
      0.382315069437027,
      0.21465833485126495,
      -0.019325822591781616,
      -0.5107237100601196
    ],
    [
      -0.05117315053939819,
      -1.144998550415039,
      0.1462858021259308,
      0.0306171216070652,
      0.04766283929347992,
      0.5470559597015381,
      0.9888723492622375,
      -0.14752118289470673,
      -0.7771631479263306,
      0.028542378917336464,
      0.3612803518772125,
      -1.541034460067749,
      0.16009294986724854,
      -0.08732859790325165,
      -0.2077350914478302,
      -0.2847188413143158
    ],
    [
      0.16463345289230347,
      -1.140660047531128,
      0.1680782437324524,
      0.08219602704048157,
      0.34757286310195923,
      0.22282329201698303,
      0.10171661525964737,
      0.12491413950920105,
      -1.4901199340820312,
      -0.23345249891281128,
      0.08441455662250519,
      -1.2972588539123535,
      -1.763159990310669,
      -0.08201175183057785,
      -0.14714157581329346,
      0.15985119342803955
    ],
    [
      -0.45197176933288574,
      0.23935124278068542,
      -0.525989294052124,
      -0.2917296588420868,
      0.07424699515104294,
      -0.13360536098480225,
      0.3331763744354248,
      0.08603942394256592,
      0.5526130795478821,
      -0.1985313892364502,
      -0.018100276589393616,
      0.5232135057449341,
      -0.33189457654953003,
      0.07157012820243835,
      -0.0647897720336914,
      -0.2693955898284912
    ],
    [
      0.45000186562538147,
      -1.5302073955535889,
      -0.7116712331771851,
      0.5017434358596802,
      0.1492554247379303,
      0.635685920715332,
      -0.12507537007331848,
      -0.13417619466781616,
      -1.6298675537109375,
      -1.8425731658935547,
      0.045528531074523926,
      -0.5172174572944641,
      0.07117380946874619,
      0.12617996335029602,
      -0.1581861674785614,
      -1.8216447830200195
    ],
    [
      0.5482981204986572,
      -1.6571850776672363,
      -0.9201506972312927,
      0.18274927139282227,
      -0.14836758375167847,
      0.6784952878952026,
      0.28330156207084656,
      0.15678852796554565,
      0.46603137254714966,
      -1.9946174621582031,
      0.0672878623008728,
      -1.7930980920791626,
      -0.6664038300514221,
      0.34172362089157104,
      0.06838274002075195,
      -1.5551743507385254
    ],
    [
      -0.32317161560058594,
      0.01956716924905777,
      0.21510985493659973,
      -0.375790536403656,
      -0.930097222328186,
      -0.4458029270172119,
      -0.16906261444091797,
      0.20329788327217102,
      -0.4760746955871582,
      -0.20536234974861145,
      -1.0714143514633179,
      -0.947521448135376,
      0.3719249963760376,
      -0.4548490643501282,
      0.14479100704193115,
      0.051953285932540894
    ],
    [
      0.5243188738822937,
      -0.08051929622888565,
      -0.7327384948730469,
      0.40282419323921204,
      -0.25399765372276306,
      0.6092101335525513,
      -0.14420105516910553,
      -0.16956308484077454,
      0.31757813692092896,
      -0.37566688656806946,
      -1.941329002380371,
      0.5136973261833191,
      0.3212255537509918,
      0.5921106338500977,
      0.013380706310272217,
      -0.554833173751831
    ],
    [
      -0.4832998514175415,
      -0.23184755444526672,
      -0.5275786519050598,
      -0.6193349361419678,
      -0.16096314787864685,
      -0.3149418830871582,
      0.2733794152736664,
      -0.24645847082138062,
      -0.1508994996547699,
      -2.4142377376556396,
      0.33775782585144043,
      -0.14197441935539246,
      -0.2787289023399353,
      -0.21599158644676208,
      -0.12334272265434265,
      -2.188124656677246
    ],
    [
      0.5348138809204102,
      -0.14139483869075775,
      -0.23352931439876556,
      0.6316772699356079,
      -2.2878987789154053,
      0.5680330991744995,
      -0.22282424569129944,
      -0.0034491419792175293,
      0.3011912405490875,
      -0.19112661480903625,
      -0.7151490449905396,
      0.3754240870475769,
      -1.338995099067688,
      0.4628818929195404,
      -0.12490906566381454,
      -0.2730984091758728
    ],
    [
      0.5108667612075806,
      -2.077721357345581,
      -0.1659238040447235,
      0.48421841859817505,
      -1.5744856595993042,
      0.8783352971076965,
      0.318755567073822,
      -0.0966998040676117,
      0.23713524639606476,
      -2.1994547843933105,
      -0.7689758539199829,
      -2.3034229278564453,
      -0.04666903614997864,
      0.763339638710022,
      0.1590656042098999,
      -2.296766757965088
    ],
    [
      -0.1635552942752838,
      0.2181732952594757,
      0.08842936158180237,
      0.0066419243812561035,
      0.03383302688598633,
      -0.20092418789863586,
      -0.08347135782241821,
      0.24065449833869934,
      -0.06165805459022522,
      -0.012541025876998901,
      -0.2075827717781067,
      -0.13985177874565125,
      -0.0051048994064331055,
      -0.15528985857963562,
      -0.031002402305603027,
      0.1017397940158844
    ],
    [
      -0.18516477942466736,
      0.07251982390880585,
      -0.24696344137191772,
      -0.11317718029022217,
      -0.002986714243888855,
      0.19160234928131104,
      -0.20522746443748474,
      -0.1026422530412674,
      -0.28173160552978516,
      -0.18178191781044006,
      -0.3406519293785095,
      -0.11113683879375458,
      -0.030592139810323715,
      -0.26035767793655396,
      0.2182784080505371,
      0.10417786240577698
    ],
    [
      -1.048060417175293,
      0.12037898600101471,
      0.13574695587158203,
      -0.7873506546020508,
      0.046831320971250534,
      -0.6976889967918396,
      -1.2720723152160645,
      -0.13974955677986145,
      0.6575078964233398,
      0.0049198768101632595,
      0.13336926698684692,
      0.5783640146255493,
      -1.4946322441101074,
      -0.6877644062042236,
      -0.04043355584144592,
      0.2342134565114975
    ],
    [
      0.18486757576465607,
      0.2627880871295929,
      -2.7292847633361816,
      0.47079795598983765,
      -0.3911170959472656,
      0.542400062084198,
      -0.0015358701348304749,
      0.0002811849117279053,
