{
  "model.0.weight": [
    [
      0.33398168520605603,
      -0.9159368192606253
    ],
    [
      -0.5757826888395464,
      -1.0420458045791006
    ],
    [
      1.0079682296255625,
      0.3351770205219015
    ],
    [
      0.5916087198874437,
      -1.1484057240182763
    ],
    [
      -1.7850844949231068,
      0.2677422698577252
    ],
    [
      0.30665784311854716,
      -1.4123088284681886
    ],
    [
      -0.15978470469536263,
      1.0294361941793684
    ],
    [
      0.0563279390335083,
      0.031903501600027084
    ],
    [
      -0.5156722730718227,
      -1.4837263223996022
    ],
    [
      -1.1507404017837006,
      -0.8757762415233037
    ],
    [
      -1.2230639649602941,
      0.6231482294991877
    ],
    [
      -0.547040635593833,
      -1.221124137349096
    ],
    [
      1.5104155771162333,
      1.0680518566845318
    ],
    [
      0.4455404860819184,
      -1.223884654508682
    ],
    [
      -0.28882962465286255,
      0.2598903775215149
    ],
    [
      -1.1702541246106268,
      -0.7406445705297134
    ]
  ],
  "model.0.bias": [
    -0.2885359555628093,
    -0.41212953759897425,
    -0.49401317848037657,
    -0.15422351410998755,
    0.28792591099483594,
    -0.22315989991557533,
    -0.2847388858047325,
    -0.6549738645553589,
    -0.34233400622519644,
    0.048251789026826,
    0.1739595784677847,
    -0.3518915118966493,
    0.0329578603175895,
    -0.2834555021593092,
    -0.5631396770477295,
    0.12483790069630062
  ],
  "model.2.weight": [
    [
      0.23836371233961598,
      -0.07630038305872565,
      0.40915868213038137,
      0.2063454231798931,
      -1.116885284504543,
      0.34374307401685344,
      -0.17649844647572366,
      0.19514983892440796,
      -0.0037402144607673635,
      -0.17346963911035723,
      -0.8758677409355868,
      -0.799433195644984,
      0.3797966837068659,
      0.03264516112311607,
      -0.019325822591781616,
      -0.5682583265652885
    ],
    [
      -0.0693404328873666,
      -0.8156175446268317,
      0.13871352975553708,
      0.093260427605411,
      0.08433328471490101,
      0.5937813748952405,
      0.7666162719506936,
      -0.14752118289470673,
      -0.6864521806290159,
      0.11690561671403131,
      0.37695759438320886,
      -1.1499741014196412,
      0.08835259113322386,
      -0.05794742144606576,
      -0.2077350914478302,
      -0.15695087572212285
    ],
    [
      0.20798799395561218,
      -0.7901261920425438,
      0.1680782437324524,
      0.1255509853363037,
      0.38307521011616913,
      0.2661781907081604,
      0.22266512214907824,
      0.12491413950920105,
      -0.9493130084649001,
      -0.2465108410898257,
      0.12618765110757513,
      -0.9346167035259223,
      -1.34026483751965,
      -0.03865693509578705,
      -0.14714157581329346,
      0.1396004296005864
    ],
    [
      -0.3401892810638842,
      0.18654752568885966,
      -0.6247669458389282,
      -0.1575154040149141,
      0.22845437063124513,
      -0.04800765093120072,
      0.13647419116592904,
      0.08603942394256592,
      0.5224583097279122,
      -0.11198904931905238,
      0.08453261847768649,
      0.44560830676172153,
      -0.3964045153151533,
      0.1778925689610448,
      -0.0647897720336914,
      -0.22591336470657514
    ],
    [
      0.31967630736341907,
      -1.38780435378518,
      -0.81818418412903,
      0.36470028631464113,
      0.3370048466397447,
      0.4480475266777379,
      0.055675716932507543,
      -0.13417619466781616,
      -1.16121352374494,
      -0.9355492357937513,
      0.1938740437056413,
      -0.47053094094257114,
      0.23030369140509316,
      -0.04747203910857655,
      -0.1581861674785614,
      -0.9625171019470116
    ],
    [
      0.31455935181274647,
      -1.1376109060428437,
      -0.23604678510826432,
      -0.023452420872675163,
      -0.11224147784850484,
      0.41670777073254295,
      0.3295792570623908,
      0.15678852796554565,
      0.24394562537465106,
      -1.3863352107376778,
      0.11340541338405821,
      -1.35413208432014,
      -0.1826827032585403,
      0.11159916792985852,
      0.06838274002075195,
      -0.8670566027050469
    ],
    [
      -0.29920065671497365,
      0.01956716924905777,
      0.32237768059781874,
      -0.2405693902683345,
      -0.4100922630645313,
      -0.3598040322314558,
      -0.09699305371227393,
      0.20329788327217102,
      -0.4760746955871582,
      -0.20536234974861145,
      -1.0101615512569129,
      -0.947521448135376,
      0.4077095018459365,
      -0.3982250134984278,
      0.14479100704193115,
      0.051953285932540894
    ],
    [
      0.5053616802000983,
      -0.1694431371014837,
      -0.8471688835320845,
      0.5291949333214739,
      -0.39860610882789393,
      0.6268121017102926,
      -0.027941263665086605,
      -0.16956308484077454,
      0.25647065064091107,
      -0.42233100982589444,
      -0.9802215727896113,
      0.4461819874741365,
      0.34411767732298065,
      0.626106641468108,
      0.013380706310272217,
      -0.5898507827714524
    ],
    [
      -0.4832998216152191,
      -0.23184755444526672,
      -0.2751025855541229,
      -0.4381863474845886,
      -0.1784243429295541,
      -0.3149418830871582,
      0.06551408610996212,
      -0.24645847082138062,
      -0.1508994996547699,
      -1.4517926482832049,
      0.2846414584176288,
      -0.14197441935539246,
      -0.3789536060811002,
      -0.2159915715456009,
      -0.12334272265434265,
      -1.3566221650305579
    ],
    [
      0.5083503528663087,
      -0.20349110096728337,
      -0.3237243409094352,
      0.5710499215113334,
      -1.2463949891360306,
      0.4936918164450464,
      -0.22282424569129944,
      -0.0034491419792175293,
      0.2473947682154189,
      -0.21784012685716614,
      -0.9588502066942219,
      0.30360707650942015,
      -1.5620557309158856,
      0.37679301015004824,
      -0.12490906566381454,
      -0.3344961785532559
    ],
    [
      0.2842974577413643,
      -1.531548128459942,
      0.14797471780984567,
      0.29885835950081224,
      -1.0256768465042114,
      0.6443392390892041,
      0.3757706577855588,
      -0.0966998040676117,
      8.998226840342905E-4,
      -1.4820546746961174,
      -0.8823758205626621,
      -1.8487204991671642,
      0.15349694075197565,
      0.5764518896386834,
      0.1590656042098999,
      -1.6027480616071754
    ],
    [
      -0.1635552942752838,
      0.2181732952594757,
      0.08842936158180237,
      0.006641923915594816,
      0.03383302688598633,
      -0.20092418789863586,
      -0.08347135037183762,
      0.24065448343753815,
      -0.06165805459022522,
      -0.012541025876998901,
      -0.2075827717781067,
      -0.13985177874565125,
      -0.0051048994064331055,
      -0.15528985857963562,
      -0.031002402305603027,
      0.1017397940158844
    ],
    [
      -0.18516477942466736,
      0.07251981645822525,
      -0.24696344137191772,
      -0.11317718029022217,
      -0.002986714243888855,
      0.19160234928131104,
      -0.20522744953632355,
      -0.1026422530412674,
      -0.28173157572746277,
      -0.18178191781044006,
      -0.3406519293785095,
      -0.11113683879375458,
      -0.030592137947678566,
      -0.26035767793655396,
      0.2182784080505371,
      0.10417786240577698
    ],
    [
      -0.6038221635061722,
      1.1279058013921662E-4,
      0.13574694097042084,
      -0.2400310257271731,
      0.04834205221627188,
      -0.5462541526053819,
      -0.47710340206070256,
      -0.13974955677986145,
      0.5227024453754303,
      -0.006889222639487983,
      0.1598920794389096,
      0.4437383745850355,
      -1.4748966693878174,
      -0.307326632455271,
      -0.04043355584144592,
      0.1975381391116796
    ],
    [
      0.13038140566686987,
      0.14780558437586944,
      -1.533511887471658,
      0.4778762175534874,
      -0.37276289884366637,
      0.5176786084318912,
      -0.0015358701348304749,
      2.811849117279053E-4,
