{
  "host": {
    "fedraser": {
      "step1": 0.0008771419525146484,
      "step2": 2.149156332015991,
      "total": 2.1501030921936035
    },
    "gradient_ascent": {
      "step1": 0.34204697608947754,
      "step2": 2.5465447902679443,
      "total": 2.888709783554077
    },
    "sisa": {
      "total": 3.4164276123046875
    }
  },
  "device_pipeline": {
    "device_ga_step1": 0.223812307,
    "host_recovery_step2": 3.4338436126708984,
    "total": 3.6576559196708986
  }
}