{
  "experiment_date": "2026-05-24",
  "client_removed": "user1",
  "models": {
    "original": {
      "Instagram": 0.31175458431243896,
      "YouTube": 0.2685335874557495,
      "LinkedIn": 0.07089461386203766,
      "WhatsApp": 0.34881725907325745,
      "sample_count": 144,
      "entropy": 1.271428243301791
    },
    "client_based_unlearned": {
      "Instagram": 0.01703045703470707,
      "YouTube": 0.386857807636261,
      "LinkedIn": 0.04394024610519409,
      "WhatsApp": 0.5521716475486755,
      "sample_count": 144,
      "entropy": 0.9020016114058416,
      "reduction_percent": 94.54,
      "execution_time_s": 2.12,
      "correction_norm": 9.1161,
      "recovery_loss_history": [
        1.0203916132450104,
        1.0206510424613953,
        1.0250866115093231
      ]
    },
    "server_based_unlearned": {
      "Instagram": 0.020503688603639603,
      "YouTube": 0.28028011322021484,
      "LinkedIn": 0.057521507143974304,
      "WhatsApp": 0.6416945457458496,
      "sample_count": 144,
      "entropy": 0.8851490525133933,
      "reduction_percent": 93.42,
      "execution_time_s": 1.34,
      "recovery_loss_history": [
        1.02801713347435,
        1.0263105630874634
      ]
    },
    "sisa_retrain": {
      "Instagram": 0.08420787751674652,
      "YouTube": 0.20377720892429352,
      "LinkedIn": 0.10859128832817078,
      "WhatsApp": 0.6034234762191772,
      "sample_count": 144,
      "entropy": 1.0784251368517417,
      "reduction_percent": 72.99,
      "note": "Sifirdan egitim — user1 hic dahil edilmedi (ideal baseline)"
    }
  },
  "remaining_clients_accuracy": {
    "original": {
      "user2": 0.3186090290546417,
      "user3": 0.5306310653686523
    },
    "client_based": {
      "user2": 0.34257519245147705,
      "user3": 0.49239981174468994
    },
    "server_based": {
      "user2": 0.3129699230194092,
      "user3": 0.5343160033226013
    },
    "sisa": {
      "user2": 0.33552631735801697,
      "user3": 0.4896361231803894
    }
  },
  "conclusion": "Client-Based Unlearning daha etkili (Instagram %94.5 azaldı)"
}