{
  "model.0.weight": [
    [
      0.4221346974372864,
      -0.6979331374168396
    ],
    [
      -0.49292635917663574,
      -0.9080384969711304
    ],
    [
      0.9067369699478149,
      0.536296010017395
    ],
    [
      0.46968674659729004,
      -1.0652333498001099
    ],
    [
      -1.6101868152618408,
      0.18571488559246063
    ],
    [
      0.41577276587486267,
      -1.1368252038955688
    ],
    [
      -0.18274325132369995,
      1.0302106142044067
    ],
    [
      0.0563279390335083,
      0.03190350532531738
    ],
    [
      -0.5302474498748779,
      -1.2382937669754028
    ],
    [
      -1.0481317043304443,
      -0.781973123550415
    ],
    [
      -1.0579705238342285,
      0.37526291608810425
    ],
    [
      -0.45214056968688965,
      -1.0693690776824951
    ],
    [
      1.5158510208129883,
      0.9660686254501343
    ],
    [
      0.37833112478256226,
      -1.0391664505004883
    ],
    [
      -0.28882965445518494,
      0.2598903775215149
    ],
    [
      -1.0825802087783813,
      -0.6947641968727112
    ]
  ],
  "model.0.bias": [
    -0.11298544704914093,
    -0.30592405796051025,
    -0.466286301612854,
    0.021128090098500252,
    0.3677048683166504,
    -0.14200520515441895,
    -0.1561739593744278,
    -0.6549739241600037,
    -0.2585921883583069,
    0.12299233675003052,
    0.21749775111675262,
    -0.182858407497406,
    0.0996803417801857,
    -0.043973423540592194,
    -0.5631396770477295,
    0.1839553713798523
  ],
  "model.2.weight": [
    [
      0.20780113339424133,
      -0.040484096854925156,
      0.4325978755950928,
      0.19270923733711243,
      -0.5768012404441833,
      0.3245202302932739,
      0.01823161542415619,
      0.19514986872673035,
      0.07461720705032349,
      -0.11307699233293533,
      -0.5235751867294312,
      -0.4676656723022461,
      0.45237454771995544,
      -0.0030251890420913696,
      -0.019325822591781616,
      -0.5145304203033447
    ],
    [
      -0.13175341486930847,
      -0.42662879824638367,
      0.16918665170669556,
      -0.03829817473888397,
      0.10882195830345154,
      0.5039448738098145,
      0.777510404586792,
      -0.14752119779586792,
      -0.5403634309768677,
      0.18283167481422424,
      0.37158340215682983,
      -0.865662157535553,
      0.19343648850917816,
      -0.17205633223056793,
      -0.2077350914478302,
      -0.10502910614013672
    ],
    [
      0.23800444602966309,
      -0.5849617123603821,
      0.18834832310676575,
      0.15589629113674164,
      0.22047197818756104,
      0.2937283217906952,
      0.1704719364643097,
      0.12491413205862045,
      -0.7339237928390503,
      -0.27398064732551575,
      -0.015212476253509521,
      -0.6396501660346985,
      -1.0269191265106201,
      -0.011457055807113647,
      -0.14714157581329346,
      0.10171443969011307
    ],
    [
      -0.22478662431240082,
      0.06810081750154495,
      -0.3530513644218445,
      -0.07724853605031967,
      0.3268434405326843,
      0.014229081571102142,
      0.07414241880178452,
      0.08603942394256592,
      0.4539874792098999,
      -0.06984810531139374,
      0.1321812868118286,
      0.3776014447212219,
      -0.4160335659980774,
      0.21963278949260712,
      -0.0647897720336914,
      -0.17386901378631592
    ],
    [
      0.26300179958343506,
      -1.1301501989364624,
      -0.6987769603729248,
      0.3403831422328949,
      0.39998114109039307,
      0.3708869516849518,
      0.08287043124437332,
      -0.13417619466781616,
      -0.8788635730743408,
      -0.5312288999557495,
      0.23789766430854797,
      -0.6218382716178894,
      0.33576709032058716,
      -0.046073559671640396,
      -0.1581861674785614,
      -0.6639024615287781
    ],
    [
      0.3598077595233917,
      -0.756722629070282,
      0.030507653951644897,
      0.021503455936908722,
      -0.15183813869953156,
      0.38038843870162964,
      0.2325398325920105,
      0.15678852796554565,
      0.14247041940689087,
      -0.8529247045516968,
      0.07244262844324112,
      -0.7692214846611023,
      -0.11702636629343033,
      0.11840406805276871,
      0.06838274002075195,
      -0.6739895939826965
    ],
    [
      -0.14093320071697235,
      0.01956716924905777,
      0.23887009918689728,
      -0.16286998987197876,
      -0.33652663230895996,
      -0.19908387959003448,
      -0.18687808513641357,
      0.20329788327217102,
      -0.4486445486545563,
      -0.20536234974861145,
      -0.30797699093818665,
      -0.3559325933456421,
      0.25121331214904785,
      -0.18566522002220154,
      0.14479100704193115,
      0.051953285932540894
    ],
    [
      0.36402010917663574,
      -0.12514755129814148,
      -0.7882668972015381,
      0.41376814246177673,
      -0.20839305222034454,
      0.5213437080383301,
      -0.10527747869491577,
      -0.16956308484077454,
      0.2387615293264389,
      -0.3301374912261963,
      -0.5961836576461792,
      0.41575175523757935,
      0.30947059392929077,
      0.5330237746238708,
      0.013380706310272217,
      -0.4819527268409729
    ],
    [
      -0.3351651430130005,
      -0.23184755444526672,
      -0.5916917324066162,
      -0.2360481470823288,
      -0.13260981440544128,
      -0.3149418830871582,
      0.057873595505952835,
      -0.24645847082138062,
      -0.1508994996547699,
      -0.8521468639373779,
      0.3164965510368347,
      -0.14197441935539246,
      -0.37611162662506104,
      -0.005219835788011551,
      -0.12334272265434265,
      -1.0798953771591187
    ],
    [
      0.4724467992782593,
      -0.3068960905075073,
      -0.3569195866584778,
      0.5317850708961487,
      -1.0073552131652832,
      0.4498751759529114,
      -0.22282424569129944,
      -0.0034491419792175293,
      0.16930867731571198,
      -0.29089441895484924,
      -0.7621483206748962,
      0.2495959848165512,
      -1.4362285137176514,
      0.33071213960647583,
      -0.12490907311439514,
      -0.4067820608615875
    ],
    [
      0.23782047629356384,
      -1.2604131698608398,
      0.21628166735172272,
      0.21392351388931274,
      -0.8720011711120605,
      0.5112810730934143,
      0.21613943576812744,
      -0.09669981151819229,
      -0.18043191730976105,
      -1.1411041021347046,
      -0.47592228651046753,
      -1.4051940441131592,
      0.17110224068164825,
      0.4832814335823059,
      0.1590656042098999,
      -1.248945951461792
    ],
    [
      -0.1635552942752838,
      0.2181732952594757,
      0.08842936158180237,
      0.0066419243812561035,
      0.03383302688598633,
      -0.20092418789863586,
      -0.08347135782241821,
      0.24065451323986053,
      -0.06165805459022522,
      -0.012541025876998901,
      -0.2075827717781067,
      -0.13985177874565125,
      -0.0051048994064331055,
      -0.15528985857963562,
      -0.031002402305603027,
      0.1017397940158844
    ],
    [
      -0.18516477942466736,
      0.07251981645822525,
      -0.24696344137191772,
      -0.11317718029022217,
      -0.002986714243888855,
      0.19160236418247223,
      -0.20522746443748474,
      -0.10264226794242859,
      -0.28173160552978516,
      -0.18178191781044006,
      -0.3406519293785095,
      -0.11113683879375458,
      -0.030592136085033417,
      -0.26035767793655396,
      0.2182784080505371,
      0.10417786240577698
    ],
    [
      -0.29314929246902466,
      -0.015709124505519867,
      0.13574694097042084,
      -0.013481936417520046,
      0.07132800668478012,
      -0.4250410795211792,
      -0.43205004930496216,
      -0.13974955677986145,
      0.5069382786750793,
      0.06485021114349365,
      0.1408003717660904,
      0.4556458592414856,
      -0.9900124669075012,
      -0.1444137543439865,
      -0.04043355584144592,
      0.25276461243629456
    ],
    [
      0.04000445827841759,
      0.18617799878120422,
      -0.6836551427841187,
      0.4165734350681305,
      -0.26046672463417053,
      0.4563503861427307,
