{
  "model.0.weight": [
    [
      0.4080425798892975,
      -0.8294498920440674
    ],
    [
      -0.5697247982025146,
      -0.9869827628135681
    ],
    [
      0.9435824155807495,
      0.3807550072669983
    ],
    [
      0.5428435802459717,
      -1.1503725051879883
    ],
    [
      -1.668091058731079,
      0.19249573349952698
    ],
    [
      0.3131333589553833,
      -1.2960532903671265
    ],
    [
      -0.20566874742507935,
      1.0021549463272095
    ],
    [
      0.0563279390335083,
      0.031903501600027084
    ],
    [
      -0.5404746532440186,
      -1.3870744705200195
    ],
    [
      -1.1051263809204102,
      -0.8469506502151489
    ],
    [
      -1.1457780599594116,
      0.6131119728088379
    ],
    [
      -0.5576909780502319,
      -1.1393219232559204
    ],
    [
      1.4843125343322754,
      1.0177130699157715
    ],
    [
      0.3994360864162445,
      -1.1820100545883179
    ],
    [
      -0.28882962465286255,
      0.2598903775215149
    ],
    [
      -1.1288189888000488,
      -0.7329244613647461
    ]
  ],
  "model.0.bias": [
    -0.1854282021522522,
    -0.36258214712142944,
    -0.5043390989303589,
    -0.11582605540752411,
    0.33230483531951904,
    -0.17992284893989563,
    -0.22945044934749603,
    -0.6549738645553589,
    -0.2770136296749115,
    0.049374449998140335,
    0.21283933520317078,
    -0.2411465346813202,
    0.06715775281190872,
    -0.19172069430351257,
    -0.5631396770477295,
    0.1358805149793625
  ],
  "model.2.weight": [
    [
      0.2649594247341156,
      -0.12248130142688751,
      0.3870518207550049,
      0.23310095071792603,
      -0.8090671300888062,
      0.36370646953582764,
      -0.019044049084186554,
      0.19514985382556915,
      0.008982154540717602,
      -0.19924888014793396,
      -0.6447371244430542,
      -0.678853452205658,
      0.4300593137741089,
      0.05548220872879028,
      -0.019325822591781616,
      -0.6017508506774902
    ],
    [
      -0.271224707365036,
      -0.5817083120346069,
      0.15432807803153992,
      -0.12712812423706055,
      0.08586278557777405,
      0.33335092663764954,
      0.7330318689346313,
      -0.14752118289470673,
      -0.533315896987915,
      0.16303536295890808,
      0.3755311071872711,
      -0.9580749273300171,
      0.12203333526849747,
      -0.2846212387084961,
      -0.2077350914478302,
      -0.12415367364883423
    ],
    [
      0.23368099331855774,
      -0.6899721026420593,
      0.1680782437324524,
      0.15124407410621643,
      0.23337067663669586,
      0.29187124967575073,
      0.17683222889900208,
      0.12491413205862045,
      -0.8314789533615112,
      -0.2541085183620453,
      0.002467665821313858,
      -0.8318716287612915,
      -1.180699348449707,
      -0.012963855639100075,
      -0.14714157581329346,
      0.10996286571025848
    ],
    [
      -0.26347270607948303,
      0.0827244222164154,
      -0.6734282374382019,
      -0.09419648349285126,
      0.3013407289981842,
      -0.03426788002252579,
      0.09335170686244965,
      0.08603942394256592,
      0.4664745628833771,
      -0.10937298089265823,
      0.12834057211875916,
      0.3775433897972107,
      -0.4340834617614746,
      0.20158475637435913,
      -0.0647897720336914,
      -0.2078031301498413
    ],
    [
      0.2571996748447418,
      -1.3365132808685303,
      -0.6956755518913269,
      0.3275807201862335,
      0.3522462248802185,
      0.37179064750671387,
      0.0813596323132515,
      -0.13417619466781616,
      -1.1179893016815186,
      -0.697833240032196,
      0.18833501636981964,
      -0.5844367742538452,
      0.33195817470550537,
      -0.09869367629289627,
      -0.1581861674785614,
      -0.7988240122795105
    ],
    [
      0.32756561040878296,
      -1.077491283416748,
      -0.07507248967885971,
      -0.011484287679195404,
      -0.10216142237186432,
      0.40148985385894775,
      0.2753901779651642,
      0.15678852796554565,
      0.12997765839099884,
      -1.2779303789138794,
      0.11556454747915268,
      -1.096145510673523,
      -0.16724520921707153,
      0.12320025265216827,
      0.06838274002075195,
      -0.8062708377838135
    ],
    [
      -0.1107744351029396,
      0.01956716924905777,
      0.2879802882671356,
      -0.10272009670734406,
      -0.29424768686294556,
      -0.1775919795036316,
      -0.3064322769641876,
      0.20329788327217102,
      -0.4760746955871582,
      -0.20536234974861145,
      -0.7284682989120483,
      -0.4458746314048767,
      0.29502755403518677,
      -0.18124419450759888,
      0.14479100704193115,
      0.051953285932540894
    ],
    [
      0.44642120599746704,
      -0.09614887833595276,
      -0.7870956659317017,
      0.4757431447505951,
      -0.3460962176322937,
      0.592583417892456,
      -0.08928950130939484,
      -0.16956308484077454,
      0.2846730053424835,
      -0.34169846773147583,
      -0.892855703830719,
      0.4741419553756714,
      0.3206058144569397,
      0.5803652405738831,
      0.013380706310272217,
      -0.5014714002609253
    ],
    [
      -0.4244789481163025,
      -0.23184755444526672,
      -0.41084349155426025,
      -0.3342645764350891,
      -0.12831251323223114,
      -0.3149418830871582,
      0.08444899320602417,
      -0.24645847082138062,
      -0.1508994996547699,
      -1.1926779747009277,
      0.3229252099990845,
      -0.14197441935539246,
      -0.39005953073501587,
      -0.1391308754682541,
      -0.12334272265434265,
      -1.1908223628997803
    ],
    [
      0.5235962867736816,
      -0.264498233795166,
      -0.3043297231197357,
      0.5885180830955505,
      -1.0259894132614136,
      0.49821367859840393,
      -0.22282424569129944,
      -0.0034491419792175293,
      0.21265484392642975,
      -0.25560539960861206,
      -0.7071815729141235,
      0.2717365622520447,
      -1.4423115253448486,
      0.3826272487640381,
      -0.12490906566381454,
      -0.3733550012111664
    ],
    [
      0.25053662061691284,
      -1.390555739402771,
      0.1804036945104599,
      0.24858590960502625,
      -0.8891124129295349,
      0.5730115175247192,
      0.10351982712745667,
      -0.0966998040676117,
      -0.0075709205120801926,
      -1.2968008518218994,
      -0.621562123298645,
      -1.556980848312378,
      0.11141172051429749,
      0.5418007969856262,
      0.1590656042098999,
      -1.4187618494033813
    ],
    [
      -0.1635552942752838,
      0.2181732952594757,
      0.08842936158180237,
      0.0066419243812561035,
      0.03383302688598633,
      -0.20092418789863586,
      -0.08347135037183762,
      0.24065449833869934,
      -0.06165805459022522,
      -0.012541025876998901,
      -0.2075827717781067,
      -0.13985177874565125,
      -0.0051048994064331055,
      -0.15528985857963562,
      -0.031002402305603027,
      0.1017397940158844
    ],
    [
      -0.18516477942466736,
      0.07251981645822525,
      -0.24696344137191772,
      -0.11317718029022217,
      -0.0029867140110582113,
      0.19160234928131104,
      -0.20522744953632355,
      -0.10264226049184799,
      -0.28173157572746277,
      -0.18178191781044006,
      -0.3406519293785095,
      -0.11113683879375458,
      -0.030592136085033417,
      -0.26035767793655396,
      0.2182784080505371,
      0.10417785495519638
    ],
    [
      -0.3178151249885559,
      -0.003265930339694023,
      0.13574694097042084,
      -0.019757013767957687,
      0.07183913141489029,
      -0.46318405866622925,
      -0.4695480763912201,
      -0.13974955677986145,
      0.5273929238319397,
      0.04822709411382675,
      0.17208725214004517,
      0.4657507538795471,
      -1.4041690826416016,
      -0.16406984627246857,
      -0.04043355584144592,
      0.2456890046596527
    ],
    [
      0.12011723965406418,
      0.13719260692596436,
      -1.1253972053527832,
      0.46972447633743286,
      -0.37045201659202576,
      0.5070785880088806,
      -0.0015358701348304749,
