{
  "model.0.weight": [
    [
      0.6066309809684753,
      -0.2139388620853424
    ],
    [
      -0.36647850275039673,
      -0.5630530118942261
    ],
    [
      0.7719541788101196,
      0.6086163520812988
    ],
    [
      0.38264214992523193,
      -0.7404992580413818
    ],
    [
      -0.7261252403259277,
      0.17055296897888184
    ],
    [
      0.45932716131210327,
      -0.5574795007705688
    ],
    [
      -0.3214789628982544,
      0.7458885312080383
    ],
    [
      0.0563279390335083,
      0.03190350532531738
    ],
    [
      -0.4710733890533447,
      -1.0033020973205566
    ],
    [
      -0.8740760087966919,
      -0.366007000207901
    ],
    [
      -0.36150628328323364,
      0.23977793753147125
    ],
    [
      -0.31771817803382874,
      -0.7503179311752319
    ],
    [
      1.0585925579071045,
      0.323677122592926
    ],
    [
      0.5019702911376953,
      -0.6697616577148438
    ],
    [
      -0.28882965445518494,
      0.2598903775215149
    ],
    [
      -0.7435177564620972,
      -0.5030934810638428
    ]
  ],
  "model.0.bias": [
    0.02864934876561165,
    -0.22649726271629333,
    -0.4120945334434509,
    0.43580371141433716,
    0.464449405670166,
    0.11686572432518005,
    -0.032334256917238235,
    -0.6549739241600037,
    -0.15980200469493866,
    0.1683887541294098,
    0.3331945538520813,
    -0.09995884448289871,
    0.039845988154411316,
    0.3854362964630127,
    -0.5631396174430847,
    0.34683048725128174
  ],
  "model.2.weight": [
    [
      0.044800110161304474,
      -0.00645611435174942,
      0.30562591552734375,
      0.046505607664585114,
      -0.08789772540330887,
      0.14247752726078033,
      -0.21770688891410828,
      0.19514986872673035,
      0.10069817304611206,
      -0.1285676658153534,
      -0.19031910598278046,
      -0.022180214524269104,
      0.4596923589706421,
      -0.1588624268770218,
      -0.019325822591781616,
      -0.37396299839019775
    ],
    [
      -0.0978032797574997,
      -0.2008569836616516,
      0.4190499782562256,
      -0.08129842579364777,
      0.13024917244911194,
      0.23565897345542908,
      0.7102768421173096,
      -0.14752119779586792,
      -0.39927035570144653,
      0.16971680521965027,
      0.3940430283546448,
      -0.5573056936264038,
      0.3241698145866394,
      -0.17909970879554749,
      -0.2077350914478302,
      -0.09963224083185196
    ],
    [
      0.29925471544265747,
      0.05356892943382263,
      0.3612762689590454,
      0.18348538875579834,
      0.13836723566055298,
      0.25061729550361633,
      0.007029419764876366,
      0.12491413950920105,
      -0.2645816206932068,
      -0.2502681016921997,
      -0.08559044450521469,
      -0.11290191859006882,
      -0.09752713143825531,
      -0.011007070541381836,
      -0.14714157581329346,
      0.09577829390764236
    ],
    [
      -0.2444455325603485,
      -0.01088077761232853,
      -0.02365218847990036,
      -0.04831011965870857,
      0.20313414931297302,
      0.11644323170185089,
      -0.12165011465549469,
      0.08603942394256592,
      0.3579525053501129,
      0.06406807899475098,
      -0.09353040158748627,
      0.29644814133644104,
      0.04237694665789604,
      0.1667015552520752,
      -0.0647897720336914,
      -0.07645204663276672
    ],
    [
      0.1191018596291542,
      -0.44926488399505615,
      -0.35547155141830444,
      0.29572582244873047,
      0.22060716152191162,
      0.3377806842327118,
      0.1265512853860855,
      -0.13417619466781616,
      -0.27105826139450073,
      -0.25006911158561707,
      0.10170646011829376,
      -0.4435538649559021,
      0.2003546953201294,
      -0.02410101145505905,
      -0.1581861674785614,
      -0.366371750831604
    ],
    [
      0.2928633391857147,
      -0.326913446187973,
      0.4211433529853821,
      -0.04802124947309494,
      -0.04299335181713104,
      0.1612090915441513,
      0.08803873509168625,
      0.15678852796554565,
      0.07022376358509064,
      -0.25219887495040894,
      0.07882194221019745,
      -0.11325924098491669,
      0.23952895402908325,
      0.03260618820786476,
      0.06838274002075195,
      -0.1757654994726181
    ],
    [
      -0.04755096137523651,
      0.21807032823562622,
      0.21338167786598206,
      -0.06246231496334076,
      -0.3422798216342926,
      0.002928611822426319,
      -0.25951695442199707,
      0.20329788327217102,
      -0.18164899945259094,
      -0.06850594282150269,
      -0.14132583141326904,
      0.002076035365462303,
      0.2507539987564087,
      -0.02310805767774582,
      0.14479100704193115,
      0.16251593828201294
    ],
    [
      0.2848406732082367,
      -0.24843700230121613,
      -0.5847903490066528,
      0.2755104899406433,
      -0.19713756442070007,
      0.367056280374527,
      0.07982605695724487,
      -0.16956308484077454,
      0.07013839483261108,
      -0.2623162269592285,
      -0.005826622247695923,
      0.1874421089887619,
      0.09147369861602783,
      0.4327699542045593,
      0.013380706310272217,
      -0.4360950291156769
    ],
    [
      -0.23294934630393982,
      -0.23184755444526672,
      -0.39072442054748535,
      -0.1658218652009964,
      -0.21818485856056213,
      -0.2590598165988922,
      -0.034150272607803345,
      -0.24645847082138062,
      -0.12809871137142181,
      -0.13367074728012085,
      0.2448728084564209,
      -0.11873230338096619,
      -0.060308948159217834,
      0.11077308654785156,
      -0.12334272265434265,
      -0.38184961676597595
    ],
    [
      0.3193036913871765,
      -0.16414251923561096,
      0.13111120462417603,
      0.38967278599739075,
      -0.07841067761182785,
      0.2452067732810974,
      -0.11289438605308533,
      -0.0034491419792175293,
      0.15059442818164825,
      -0.007441062014549971,
      0.016035951673984528,
      0.29377666115760803,
      -0.5437094569206238,
      0.16639843583106995,
      -0.12490907311439514,
      -0.17572003602981567
    ],
    [
      0.1412036120891571,
      -0.5733488202095032,
      0.3881668448448181,
      0.0719967633485794,
      -0.3046201169490814,
      0.2385469675064087,
      0.026704512536525726,
      -0.0966998040676117,
      -0.14874635636806488,
      -0.431831419467926,
      -0.16109612584114075,
      -0.6676450371742249,
      0.3448569178581238,
      0.3276265263557434,
      0.1590656042098999,
      -0.45664310455322266
    ],
    [
      -0.1635552942752838,
      0.2181732952594757,
      0.08842936158180237,
      0.0066419243812561035,
      0.03383302688598633,
      -0.20092418789863586,
      -0.08347135782241821,
      0.24065452814102173,
      -0.06165805459022522,
      -0.012541025876998901,
      -0.2075827717781067,
      -0.13985177874565125,
      -0.0051048994064331055,
      -0.15528985857963562,
      -0.031002402305603027,
      0.1017397940158844
    ],
    [
      -0.24454432725906372,
      0.07251981645822525,
      -0.16530203819274902,
      -0.17446517944335938,
      0.03741610050201416,
      0.15105128288269043,
      -0.1286926567554474,
      -0.10264226794242859,
      -0.28173157572746277,
      -0.18178191781044006,
      -0.28712353110313416,
      -0.11113685369491577,
      0.05101385712623596,
      -0.280905544757843,
      0.21827837824821472,
      0.10417786240577698
    ],
    [
      -0.27286985516548157,
      -0.047334834933280945,
      0.026187317445874214,
      -0.005686301738023758,
      -0.018935563042759895,
      -0.26609861850738525,
      0.006985332816839218,
      -0.13974955677986145,
      0.42114293575286865,
      0.08835070580244064,
      0.04906497150659561,
      0.39482712745666504,
      -0.16590265929698944,
      -0.17028190195560455,
      -0.04043355584144592,
      0.2680729031562805
    ],
    [
      -0.13751019537448883,
      0.20812752842903137,
      -0.2022612988948822,
      0.2758662700653076,
      -0.05759128928184509,
      0.21437083184719086,
