{
  "model.0.weight": [
    [
      0.45981305837631226,
      -0.48271530866622925
    ],
    [
      -0.4319438636302948,
      -0.7149426937103271
    ],
    [
      0.703965425491333,
      0.6155266761779785
    ],
    [
      0.4292096793651581,
      -0.9119523763656616
    ],
    [
      -1.0743950605392456,
      0.2885584533214569
    ],
    [
      0.4804237186908722,
      -0.8414648771286011
    ],
    [
      -0.36623451113700867,
      0.7695736289024353
    ],
    [
      0.0563279390335083,
      0.03190350532531738
    ],
    [
      -0.48826202750205994,
      -1.1625077724456787
    ],
    [
      -0.979508638381958,
      -0.5704786777496338
    ],
    [
      -0.6275565028190613,
      0.282542884349823
    ],
    [
      -0.38067400455474854,
      -0.89920973777771
    ],
    [
      1.2606996297836304,
      0.5331766605377197
    ],
    [
      0.4528038501739502,
      -0.8868787884712219
    ],
    [
      -0.28882965445518494,
      0.2598903775215149
    ],
    [
      -0.9510505199432373,
      -0.6152002811431885
    ]
  ],
  "model.0.bias": [
    0.038205865770578384,
    -0.20270022749900818,
    -0.47554904222488403,
    0.30825483798980713,
    0.353787362575531,
    0.05757715180516243,
    -0.15520331263542175,
    -0.6549739241600037,
    -0.15897952020168304,
    0.23088601231575012,
    0.271064430475235,
    -0.12711961567401886,
    0.10033784806728363,
    0.2777208387851715,
    -0.5631396174430847,
    0.27276813983917236
  ],
  "model.2.weight": [
    [
      0.10647677630186081,
      -0.045481763780117035,
      0.27906620502471924,
      0.12151812762022018,
      -0.1919158399105072,
      0.25249555706977844,
      -0.04488063603639603,
      0.19514986872673035,
      0.1013212502002716,
      -0.10906554758548737,
      -0.18965768814086914,
      -0.18325141072273254,
      0.40387171506881714,
      -0.07914339005947113,
      -0.019325822591781616,
      -0.46836283802986145
    ],
    [
      -0.044305890798568726,
      -0.320317804813385,
      0.22488901019096375,
      -0.04725535959005356,
      0.14069749414920807,
      0.38751620054244995,
      0.6886380910873413,
      -0.14752119779586792,
      -0.473055362701416,
      0.1905440390110016,
      0.38483577966690063,
      -0.6831487417221069,
      0.20133203268051147,
      -0.15305021405220032,
      -0.2077350914478302,
      -0.07514268159866333
    ],
    [
      0.2589324712753296,
      -0.15816152095794678,
      0.28166982531547546,
      0.1800931692123413,
      0.16939106583595276,
      0.29648011922836304,
      0.0858408659696579,
      0.12491413205862045,
      -0.4350288510322571,
      -0.20191819965839386,
      -0.06764651089906693,
      -0.3069932460784912,
      -0.36849310994148254,
      -0.00398113951086998,
      -0.14714157581329346,
      0.14772959053516388
    ],
    [
      -0.284406453371048,
      0.08291937410831451,
      0.07719532400369644,
      -0.07303424924612045,
      0.2534363865852356,
      0.02930392324924469,
      -0.0360303670167923,
      0.08603942394256592,
      0.4485889673233032,
      -0.005285453051328659,
      -0.0001903921365737915,
      0.38545656204223633,
      -0.0964759886264801,
      0.1750400960445404,
      -0.0647897720336914,
      -0.12400545179843903
    ],
    [
      0.20043426752090454,
      -0.8337321281433105,
      -0.501428484916687,
      0.27585557103157043,
      0.30004972219467163,
      0.3093007504940033,
      0.13197864592075348,
      -0.13417619466781616,
      -0.5855523943901062,
      -0.38769930601119995,
      0.1463104486465454,
      -0.6323809623718262,
      0.2884272634983063,
      -0.057607099413871765,
      -0.1581861674785614,
      -0.4911195933818817
    ],
    [
      0.31068140268325806,
      -0.597838282585144,
      0.26629990339279175,
      -0.03746788576245308,
      -0.08552362024784088,
      0.22238409519195557,
      0.16199523210525513,
      0.15678852796554565,
      0.0685063973069191,
      -0.5343354940414429,
      0.08963682502508163,
      -0.26609256863594055,
      0.055565640330314636,
      0.049050942063331604,
      0.06838274002075195,
      -0.40494608879089355
    ],
    [
      -0.12796394526958466,
      0.21807032823562622,
      0.1347658932209015,
      -0.14682820439338684,
      -0.31786268949508667,
      -0.08951257169246674,
      -0.2859668433666229,
      0.20329788327217102,
      -0.18164899945259094,
      -0.06850594282150269,
      -0.19639861583709717,
      0.002076035365462303,
      0.17139722406864166,
      -0.10651949048042297,
      0.14479100704193115,
      0.16251593828201294
    ],
    [
      0.2915008068084717,
      -0.21575497090816498,
      -0.5465964078903198,
      0.3257867693901062,
      -0.2391534000635147,
      0.42077547311782837,
      0.025501765310764313,
      -0.16956308484077454,
      0.13898047804832458,
      -0.346650630235672,
      -0.2338777482509613,
      0.2577665448188782,
      0.2585254907608032,
      0.4723246693611145,
      0.013380706310272217,
      -0.49595165252685547
    ],
    [
      -0.254311740398407,
      -0.23184755444526672,
      -0.4895131587982178,
      -0.18423807621002197,
      -0.21988293528556824,
      -0.2831681966781616,
      -0.022902734577655792,
      -0.24645847082138062,
      -0.1508994996547699,
      -0.32658183574676514,
      0.241353839635849,
      -0.14197441935539246,
      -0.14829987287521362,
      0.07536766678094864,
      -0.12334272265434265,
      -0.5744654536247253
    ],
    [
      0.3725716471672058,
      -0.22477982938289642,
      0.029479652643203735,
      0.4730983078479767,
      -0.38054177165031433,
      0.3653481900691986,
      -0.22282424569129944,
      -0.0034491419792175293,
      0.19076454639434814,
      -0.16060513257980347,
      -0.25326353311538696,
      0.3003597855567932,
      -0.9314743876457214,
      0.2519221603870392,
      -0.12490907311439514,
      -0.27657365798950195
    ],
    [
      0.23743996024131775,
      -0.7760646343231201,
      0.23192311823368073,
      0.20935368537902832,
      -0.6384910345077515,
      0.4235135614871979,
      -0.050758037716150284,
      -0.09669981151819229,
      -0.07643544673919678,
      -0.6355043053627014,
      -0.36318129301071167,
      -0.7773792147636414,
      0.19113034009933472,
      0.4649300277233124,
      0.1590656042098999,
      -0.7132831811904907
    ],
    [
      -0.1635552942752838,
      0.2181732952594757,
      0.08842936158180237,
      0.0066419243812561035,
      0.03383302688598633,
      -0.20092418789863586,
      -0.08347135782241821,
      0.24065452814102173,
      -0.06165805459022522,
      -0.012541025876998901,
      -0.20758278667926788,
      -0.13985177874565125,
      -0.0051048994064331055,
      -0.15528985857963562,
      -0.031002402305603027,
      0.1017397940158844
    ],
    [
      -0.24454432725906372,
      0.07251981645822525,
      -0.16530203819274902,
      -0.17446517944335938,
      0.03741610050201416,
      0.15105128288269043,
      -0.1286926567554474,
      -0.10264226794242859,
      -0.28173160552978516,
      -0.18178191781044006,
      -0.28712353110313416,
      -0.11113684624433517,
      0.05101385712623596,
      -0.280905544757843,
      0.21827837824821472,
      0.10417786240577698
    ],
    [
      -0.2681550681591034,
      0.09050574898719788,
      0.13574694097042084,
      0.06408768892288208,
      0.01250597182661295,
      -0.3303878903388977,
      -0.24383239448070526,
      -0.13974955677986145,
      0.5813118815422058,
      0.11203102767467499,
      0.07297076284885406,
      0.5420573353767395,
      -0.29358020424842834,
      -0.07922092825174332,
      -0.04043355584144592,
      0.28796666860580444
    ],
    [
      -0.05572187900543213,
      0.11522282660007477,
      -0.27160143852233887,
      0.34621334075927734,
      -0.12195410579442978,
      0.3493797481060028,
