{
  "model.0.weight": [
    [
      0.3295026123523712,
      -0.909724235534668
    ],
    [
      -0.5858325362205505,
      -1.046396017074585
    ],
    [
      1.0041078329086304,
      0.34171655774116516
    ],
    [
      0.5896295309066772,
      -1.1448103189468384
    ],
    [
      -1.7607131004333496,
      0.2575429677963257
    ],
    [
      0.2997300326824188,
      -1.4013848304748535
    ],
    [
      -0.1331128180027008,
      1.0150420665740967
    ],
    [
      0.0563279390335083,
      0.031903501600027084
    ],
    [
      -0.537429928779602,
      -1.4737367630004883
    ],
    [
      -1.149960994720459,
      -0.884281575679779
    ],
    [
      -1.219447374343872,
      0.6192370057106018
    ],
    [
      -0.5450478196144104,
      -1.240995168685913
    ],
    [
      1.52524733543396,
      1.0563219785690308
    ],
    [
      0.4408192038536072,
      -1.2150018215179443
    ],
    [
      -0.28882962465286255,
      0.2598903775215149
    ],
    [
      -1.1466360092163086,
      -0.7624074220657349
    ]
  ],
  "model.0.bias": [
    -0.2974368631839752,
    -0.391508013010025,
    -0.49797677993774414,
    -0.15909014642238617,
    0.25549933314323425,
    -0.237785205245018,
    -0.31415048241615295,
    -0.6549738645553589,
    -0.3445129096508026,
    0.05840476602315903,
    0.17133735120296478,
    -0.3052229583263397,
    0.06977489590644836,
    -0.2947347164154053,
    -0.5631396770477295,
    0.10459582507610321
  ],
  "model.2.weight": [
    [
      0.23371121287345886,
      -0.07655692100524902,
      0.4088761806488037,
      0.19792944192886353,
      -1.1168756484985352,
      0.33596301078796387,
      -0.1761646866798401,
      0.19514983892440796,
      -0.006393495015799999,
      -0.1736835539340973,
      -0.8757094144821167,
      -0.8008560538291931,
      0.377535343170166,
      0.025633923709392548,
      -0.019325822591781616,
      -0.5683671236038208
    ],
    [
      -0.06939464062452316,
      -0.8158118724822998,
      0.13926371932029724,
      0.09322024881839752,
      0.062477268278598785,
      0.593700647354126,
      0.7630776166915894,
      -0.14752118289470673,
      -0.6865793466567993,
      0.10990078002214432,
      0.35973870754241943,
      -1.1501753330230713,
      0.09029394388198853,
      -0.05801064148545265,
      -0.2077350914478302,
      -0.16540159285068512
    ],
    [
      0.20798799395561218,
      -0.7907323837280273,
      0.1680782437324524,
      0.1255509853363037,
      0.22544452548027039,
      0.2661781907081604,
      0.19662731885910034,
      0.12491413950920105,
      -0.9496420621871948,
      -0.2974309027194977,
      0.0014033615589141846,
      -0.9353969097137451,
      -1.341111183166504,
      -0.03865693509578705,
      -0.14714157581329346,
      0.07839658856391907
    ],
    [
      -0.3417961001396179,
      0.18808846175670624,
      -0.6247669458389282,
      -0.1603318601846695,
      0.2427685558795929,
      -0.05017267167568207,
      0.13912926614284515,
      0.08603942394256592,
      0.5234285593032837,
      -0.10586626082658768,
      0.0951237678527832,
      0.4468769431114197,
      -0.3961128294467926,
      0.17558881640434265,
      -0.0647897720336914,
      -0.21906232833862305
    ],
    [
      0.3248860538005829,
      -1.3875738382339478,
      -0.8180587291717529,
      0.374138742685318,
      0.3524378538131714,
      0.4567457437515259,
      0.057866908609867096,
      -0.13417619466781616,
      -1.158409595489502,
      -0.9320251941680908,
      0.20576748251914978,
      -0.46906930208206177,
      0.22956016659736633,
      -0.03962986171245575,
      -0.1581861674785614,
      -0.9575886726379395
    ],
    [
      0.3079186677932739,
      -1.1378662586212158,
      -0.2362600415945053,
      -0.035511888563632965,
      -0.10916714370250702,
      0.405626505613327,
      0.33252444863319397,
      0.15678852796554565,
      0.24045774340629578,
      -1.3865432739257812,
      0.1172855868935585,
      -1.3559188842773438,
      -0.18285179138183594,
      0.10158346593379974,
      0.06838274002075195,
      -0.8671675324440002
    ],
    [
      -0.2991194725036621,
      0.01956716924905777,
      0.32292819023132324,
      -0.24024945497512817,
      -0.410089910030365,
      -0.3596733808517456,
      -0.09655807912349701,
      0.20329788327217102,
      -0.4760746955871582,
      -0.20536234974861145,
      -1.0100404024124146,
      -0.947521448135376,
      0.41011524200439453,
      -0.3980711102485657,
      0.14479100704193115,
      0.051953285932540894
    ],
    [
      0.5073607563972473,
      -0.17604365944862366,
      -0.847043514251709,
      0.5339928865432739,
      -0.4020611643791199,
      0.6283710598945618,
      -0.029110144823789597,
      -0.16956308484077454,
      0.24876537919044495,
      -0.4326527714729309,
      -0.9812279343605042,
      0.4387868642807007,
      0.34604328870773315,
      0.6290382742881775,
      0.013380706310272217,
      -0.599649965763092
    ],
    [
      -0.4832998216152191,
      -0.23184755444526672,
      -0.2751025855541229,
      -0.4381863474845886,
      -0.17873750627040863,
      -0.3149418830871582,
      0.06478052586317062,
      -0.24645847082138062,
      -0.1508994996547699,
      -1.4517850875854492,
      0.2839796543121338,
      -0.14197441935539246,
      -0.38023605942726135,
      -0.2159915715456009,
      -0.12334272265434265,
      -1.3564603328704834
    ],
    [
      0.5037100911140442,
      -0.19751593470573425,
      -0.32441747188568115,
      0.5612720251083374,
      -1.2438640594482422,
      0.487521767616272,
      -0.22282424569129944,
      -0.0034491419792175293,
      0.25279340147972107,
      -0.2085149735212326,
      -0.9588302969932556,
      0.3095496892929077,
      -1.5686564445495605,
      0.3697845935821533,
      -0.12490906566381454,
      -0.32560795545578003
    ],
    [
      0.27640947699546814,
      -1.531869888305664,
      0.14869153499603271,
      0.28468358516693115,
      -1.0256768465042114,
      0.6311823129653931,
      0.3762616217136383,
      -0.0966998040676117,
      -0.0031745540909469128,
      -1.4823263883590698,
      -0.8822767734527588,
      -1.8508110046386719,
      0.15288589894771576,
      0.5645947456359863,
      0.1590656042098999,
      -1.6028964519500732
    ],
    [
      -0.1635552942752838,
      0.2181732952594757,
      0.08842936158180237,
      0.006641923915594816,
      0.03383302688598633,
      -0.20092418789863586,
      -0.08347135037183762,
      0.24065448343753815,
      -0.06165805459022522,
      -0.012541025876998901,
      -0.2075827717781067,
      -0.13985177874565125,
      -0.0051048994064331055,
      -0.15528985857963562,
      -0.031002402305603027,
      0.1017397940158844
    ],
    [
      -0.18516477942466736,
      0.07251981645822525,
      -0.24696344137191772,
      -0.11317718029022217,
      -0.002986714243888855,
      0.19160234928131104,
      -0.20522744953632355,
      -0.1026422530412674,
      -0.28173157572746277,
      -0.18178191781044006,
      -0.3406519293785095,
      -0.11113683879375458,
      -0.030592137947678566,
      -0.26035767793655396,
      0.2182784080505371,
      0.10417786240577698
    ],
    [
      -0.6037433743476868,
      0.0012778053060173988,
      0.13574694097042084,
      -0.23987580835819244,
      0.06621691584587097,
      -0.5458151698112488,
      -0.4755595922470093,
      -0.13974955677986145,
      0.5242271423339844,
      0.0016793133690953255,
      0.17286638915538788,
      0.44516682624816895,
      -1.4748966693878174,
      -0.30715352296829224,
      -0.04043355584144592,
      0.20696766674518585
    ],
    [
      0.1304122507572174,
      0.14648322761058807,
      -1.5335025787353516,
      0.4781252145767212,
      -0.373585045337677,
      0.5173574686050415,
      -0.0015358701348304749,
      0.0002811849117279053,
