{
  "model.0.weight": [
    [
      0.39046430587768555,
      -0.6279617547988892
    ],
    [
      -0.49463126063346863,
      -0.7689154148101807
    ],
    [
      0.8747026920318604,
      0.6296200752258301
    ],
    [
      0.43559664487838745,
      -1.0279099941253662
    ],
    [
      -1.2371916770935059,
      0.30368754267692566
    ],
    [
      0.3701440095901489,
      -1.0308506488800049
    ],
    [
      -0.28556162118911743,
      0.9186073541641235
    ],
    [
      0.0563279390335083,
      0.03190350532531738
    ],
    [
      -0.49506714940071106,
      -1.216408133506775
    ],
    [
      -1.0328774452209473,
      -0.7102242708206177
    ],
    [
      -0.9192084670066833,
      0.3564639091491699
    ],
    [
      -0.407525897026062,
      -0.9804643988609314
    ],
    [
      1.4165459871292114,
      0.8015080094337463
    ],
    [
      0.41662588715553284,
      -1.003983497619629
    ],
    [
      -0.28882965445518494,
      0.2598903775215149
    ],
    [
      -1.0464980602264404,
      -0.7152439951896667
    ]
  ],
  "model.0.bias": [
    -0.023190278559923172,
    -0.22410663962364197,
    -0.4533025026321411,
    0.14869637787342072,
    0.3906181752681732,
    -0.06187071651220322,
    -0.16644784808158875,
    -0.6549739241600037,
    -0.22035528719425201,
    0.14449992775917053,
    0.27907794713974,
    -0.16894851624965668,
    0.07456687837839127,
    0.08669713139533997,
    -0.5631396770477295,
    0.1540805548429489
  ],
  "model.2.weight": [
    [
      0.16231024265289307,
      -0.10105457156896591,
      0.47189760208129883,
      0.14971089363098145,
      -0.6060601472854614,
      0.2746090888977051,
      -0.17448768019676208,
      0.19514986872673035,
      0.050510942935943604,
      -0.1568085104227066,
      -0.525367021560669,
      -0.3445630967617035,
      0.4538835287094116,
      -0.051324404776096344,
      -0.019325822591781616,
      -0.5548615455627441
    ],
    [
      -0.20931312441825867,
      -0.32050561904907227,
      0.23342934250831604,
      -0.15208202600479126,
      0.14986711740493774,
      0.33497264981269836,
      0.7531239986419678,
      -0.14752119779586792,
      -0.4867522716522217,
      0.16674822568893433,
      0.40623795986175537,
      -0.7348995208740234,
      0.17802079021930695,
      -0.27663445472717285,
      -0.2077350914478302,
      -0.09726141393184662
    ],
    [
      0.22622862458229065,
      -0.5055627822875977,
      0.23262831568717957,
      0.1473628282546997,
      0.1729171872138977,
      0.27034610509872437,
      0.07687714695930481,
      0.12491413205862045,
      -0.708056628704071,
      -0.24896644055843353,
      -0.06828443706035614,
      -0.5979022979736328,
      -0.6994004249572754,
      -0.030986791476607323,
      -0.14714157581329346,
      0.10109420865774155
    ],
    [
      -0.26399141550064087,
      0.037490058690309525,
      -0.1704259216785431,
      -0.08233749866485596,
      0.3362569212913513,
      0.010853590443730354,
      0.01097932830452919,
      0.08603942394256592,
      0.42116212844848633,
      -0.03535118326544762,
      0.10712172836065292,
      0.3516978323459625,
      -0.3167779743671417,
      0.18756705522537231,
      -0.0647897720336914,
      -0.15538281202316284
    ],
    [
      0.21948358416557312,
      -0.9539699554443359,
      -0.7532958984375,
      0.2906888723373413,
      0.3531093895435333,
      0.3505599796772003,
      0.19250169396400452,
      -0.13417619466781616,
      -0.8114246726036072,
      -0.49162593483924866,
      0.2173975110054016,
      -0.6932217478752136,
      0.28998738527297974,
      -0.06178085133433342,
      -0.1581861674785614,
      -0.5871816873550415
    ],
    [
      0.4031752347946167,
      -0.7368952631950378,
      0.14179448783397675,
      0.06116165593266487,
      -0.12550687789916992,
      0.3463955819606781,
      0.20893371105194092,
      0.15678852796554565,
      0.11244487762451172,
      -0.7533551454544067,
      0.08689692616462708,
      -0.5092417597770691,
      -0.05929756909608841,
      0.13544175028800964,
      0.06838274002075195,
      -0.6528853178024292
    ],
    [
      -0.11297179013490677,
      0.21807032823562622,
      0.20909802615642548,
      -0.13623906672000885,
      -0.33488890528678894,
      -0.0990416407585144,
      -0.21818912029266357,
      0.20329788327217102,
      -0.18164899945259094,
      -0.06850594282150269,
      -0.19318458437919617,
      -0.11669459939002991,
      0.2293088287115097,
      -0.11176063865423203,
      0.14479100704193115,
      0.16251593828201294
    ],
    [
      0.35267797112464905,
      -0.13993504643440247,
      -0.8280588388442993,
      0.40289121866226196,
      -0.28566837310791016,
      0.5161547660827637,
      0.02628111094236374,
      -0.16956308484077454,
      0.21789418160915375,
      -0.34286952018737793,
      -0.41948068141937256,
      0.37511545419692993,
      0.2354591190814972,
      0.5388397574424744,
      0.013380706310272217,
      -0.4862629473209381
    ],
    [
      -0.3269219994544983,
      -0.23184755444526672,
      -0.5792629718780518,
      -0.25508785247802734,
      -0.18513396382331848,
      -0.3149418830871582,
      0.036813266575336456,
      -0.24645847082138062,
      -0.1508994996547699,
      -0.4453815817832947,
      0.2811969220638275,
      -0.14197441935539246,
      -0.134285569190979,
      -0.005219835788011551,
      -0.12334272265434265,
      -0.6871368885040283
    ],
    [
      0.4106336534023285,
      -0.26803380250930786,
      -0.2876851558685303,
      0.49144816398620605,
      -0.5905300378799438,
      0.3970257043838501,
      -0.22282424569129944,
      -0.0034491419792175293,
      0.1864769011735916,
      -0.21944475173950195,
      -0.4077305197715759,
      0.27445149421691895,
      -1.244210958480835,
      0.2781285047531128,
      -0.12490907311439514,
      -0.3326089084148407
    ],
    [
      0.18229272961616516,
      -1.0116130113601685,
      0.29134276509284973,
      0.16451892256736755,
      -0.8712084293365479,
      0.41103750467300415,
      0.11861729621887207,
      -0.09669981151819229,
      -0.13961607217788696,
      -0.853501558303833,
      -0.306661456823349,
      -1.0811012983322144,
      0.19698165357112885,
      0.41416135430336,
      0.1590656042098999,
      -0.9460423588752747
    ],
    [
      -0.1635552942752838,
      0.2181732952594757,
      0.08842936158180237,
      0.0066419243812561035,
      0.03383302688598633,
      -0.20092418789863586,
      -0.08347135782241821,
      0.24065452814102173,
      -0.06165805459022522,
      -0.012541025876998901,
      -0.20758278667926788,
      -0.13985177874565125,
      -0.0051048994064331055,
      -0.15528985857963562,
      -0.031002402305603027,
      0.1017397940158844
    ],
    [
      -0.18516477942466736,
      0.07251981645822525,
      -0.24696344137191772,
      -0.11317718029022217,
      -0.002986714243888855,
      0.19160236418247223,
      -0.20522746443748474,
      -0.10264226794242859,
      -0.28173160552978516,
      -0.18178191781044006,
      -0.3406519293785095,
      -0.11113683879375458,
      -0.030592134222388268,
      -0.26035764813423157,
      0.21827839314937592,
      0.10417786240577698
    ],
    [
      -0.21758969128131866,
      0.06963331252336502,
      0.13574694097042084,
      0.07387489080429077,
      0.023588940501213074,
      -0.3191820979118347,
      -0.45308375358581543,
      -0.13974955677986145,
      0.571255624294281,
      0.1126377284526825,
      0.08377540111541748,
      0.5289080142974854,
      -0.7610076069831848,
      -0.06117178499698639,
      -0.04043355584144592,
      0.2874234914779663
    ],
    [
      0.031169701367616653,
      0.13266558945178986,
      -0.5547298789024353,
      0.4141380488872528,
      -0.31477904319763184,
      0.43512672185897827,
      -0.0015358701348304749,
