{
  "model.0.weight": [
    [
      -0.04411628842353821,
      -0.4235598146915436
    ],
    [
      -1.1791102886199951,
      0.5294052362442017
    ],
    [
      -0.11833888292312622,
      0.24769669771194458
    ],
    [
      0.9494150876998901,
      -0.7776132225990295
    ],
    [
      -0.7554037570953369,
      -3.298128843307495
    ],
    [
      -0.2605004906654358,
      0.2523921728134155
    ],
    [
      -2.13065505027771,
      -1.3590718507766724
    ],
    [
      0.9795017838478088,
      1.1787694692611694
    ],
    [
      0.517710268497467,
      0.27010732889175415
    ],
    [
      0.3767179250717163,
      0.22526773810386658
    ],
    [
      -0.39183586835861206,
      -1.7169597148895264
    ],
    [
      -1.4029244184494019,
      -0.002153612207621336
    ],
    [
      -1.0854909420013428,
      -0.04694746807217598
    ],
    [
      0.02019636332988739,
      0.6487547755241394
    ],
    [
      0.22898444533348083,
      -0.4763776957988739
    ],
    [
      -1.492462158203125,
      -1.9995850324630737
    ]
  ],
  "model.0.bias": [
    -0.47941410541534424,
    0.0715796947479248,
    -0.4561147093772888,
    0.3847190737724304,
    -0.5991784334182739,
    -0.42916592955589294,
    0.13418711721897125,
    -0.3979242444038391,
    -0.3811998963356018,
    -0.6031456589698792,
    -0.33141109347343445,
    -0.4690905213356018,
    -0.5005587339401245,
    -0.6666862368583679,
    0.11214061826467514,
    -0.6361749172210693
  ],
  "model.2.weight": [
    [
      -0.1968020349740982,
      -0.5098737478256226,
      -0.052957385778427124,
      -0.3404105305671692,
      0.13342444598674774,
      -0.11943194270133972,
      -0.17583709955215454,
      -0.32982513308525085,
      -0.2864680588245392,
      0.03642167150974274,
      0.08294767141342163,
      -0.20576049387454987,
      0.029566602781414986,
      -0.29355618357658386,
      -0.292013555765152,
      -0.1442650854587555
    ],
    [
      -0.13583403825759888,
      0.12153394520282745,
      0.18178385496139526,
      0.797789454460144,
      -3.8503215312957764,
      -0.10675737261772156,
      0.5419145226478577,
      -0.4122470021247864,
      -0.04942495748400688,
      -0.14283622801303864,
      -0.9654690027236938,
      0.3473457098007202,
      0.29864344000816345,
      -0.23611901700496674,
      0.0677211582660675,
      -0.942631721496582
    ],
    [
      -0.14021191000938416,
      0.6516550779342651,
      0.045455485582351685,
      0.48434188961982727,
      0.5064631104469299,
      0.05375564098358154,
      -5.1070170402526855,
      -0.17178168892860413,
      -0.025730550289154053,
      -0.1598277986049652,
      0.48599952459335327,
      0.38963350653648376,
      -0.1216217502951622,
      0.19392748177051544,
      0.23118002712726593,
      -3.85929012298584
    ],
    [
      -0.012814655900001526,
      -0.6088606715202332,
      0.07254499197006226,
      -2.757720708847046,
      0.14975832402706146,
      0.016681045293807983,
      0.08490368723869324,
      0.4621427059173584,
      0.34541448950767517,
      0.041962381452322006,
      -0.14149948954582214,
      -0.08313651382923126,
      -0.40095049142837524,
      0.06741846352815628,
      -0.4775860905647278,
      0.02143675461411476
    ],
    [
      -0.09000322967767715,
      0.6282169222831726,
      0.10716289281845093,
      0.0943572074174881,
      -4.46148681640625,
      0.16539010405540466,
      0.44604888558387756,
      -0.8294507265090942,
      -0.6153349280357361,
      0.2487984597682953,
      -1.2020236253738403,
      -0.2001783400774002,
      0.28367263078689575,
      0.2531105577945709,
      -0.017412284389138222,
      -1.3374913930892944
    ],
    [
      0.02204740419983864,
      -0.024745289236307144,
      -0.12669974565505981,
      -0.01550570223480463,
      -2.061605215072632,
      0.013688117265701294,
      -1.26266348361969,
      0.07216828316450119,
      0.27876216173171997,
      -0.0220005102455616,
      0.8750287890434265,
      -1.480130672454834,
      -0.4230663776397705,
      0.17273539304733276,
      0.710378110408783,
      -0.04029133915901184
    ],
    [
      0.21088029444217682,
      -1.6907821893692017,
      0.14111289381980896,
      -0.007526889443397522,
      0.037051208317279816,
      0.0835566520690918,
      -0.05130762234330177,
      -0.1804378628730774,
      -0.09774795174598694,
      0.11538847535848618,
      0.015609272755682468,
      -1.2576650381088257,
      -1.671814203262329,
      -0.29877421259880066,
      0.1489759385585785,
      0.15216617286205292
    ],
    [
      0.037838149815797806,
      -0.06364480406045914,
      0.22414851188659668,
      -0.19458013772964478,
      0.13253583014011383,
      0.13245639204978943,
      0.1093733012676239,
      -0.019208908081054688,
      -0.18652448058128357,
      0.17833471298217773,
      -0.10931390523910522,
      0.014617557637393475,
      0.0904776081442833,
      -0.23363140225410461,
      -0.03456803411245346,
      -0.13996700942516327
    ],
    [
      0.1522764414548874,
      -2.1982860565185547,
      0.15179243683815002,
      0.43970322608947754,
      0.4909161627292633,
      0.2400030791759491,
      -0.17218998074531555,
      -0.20653992891311646,
      0.03628212958574295,
      0.022886693477630615,
      0.358408123254776,
      -1.7738057374954224,
      -1.8679295778274536,
      -0.1840660721063614,
      0.22601284086704254,
      -0.07876697182655334
    ],
    [
      0.24050606787204742,
      -0.2200203388929367,
      -0.1549684703350067,
      -1.655855417251587,
      0.09890327602624893,
      -0.10022056102752686,
      0.17756354808807373,
      -0.5100300908088684,
      -0.3092358410358429,
      0.014258534647524357,
      -0.0005120797432027757,
      -0.19852879643440247,
      -0.12023046612739563,
      -0.17777065932750702,
      0.0859992653131485,
      -0.03428822383284569
    ],
    [
      -0.23334276676177979,
      0.39519575238227844,
      0.13034510612487793,
      -2.211207866668701,
      -0.3549897074699402,
      0.06826028227806091,
      -0.9679266214370728,
      0.7780513167381287,
      -0.18468989431858063,
      -0.008305668830871582,
      -0.742667019367218,
      0.14198119938373566,
      0.16237005591392517,
      0.23777861893177032,
      -1.5059672594070435,
      -0.24727317690849304
    ],
    [
      -0.22426387667655945,
      -0.39614978432655334,
      -0.15441223978996277,
      -0.07701023668050766,
      -0.07062805444002151,
      -0.04831194877624512,
      0.018903225660324097,
      -0.2194063365459442,
      0.036811888217926025,
      0.004329413175582886,
      0.02456180565059185,
      0.09117314964532852,
      -0.00014538082177750766,
      -0.13842615485191345,
      -0.21469692885875702,
      -0.1336624026298523
    ],
    [
      -0.10730940848588943,
      -0.09460116177797318,
      0.002291738986968994,
      -3.195155382156372,
      0.3613344430923462,
      -0.04596757888793945,
      0.04270553961396217,
      0.9778150916099548,
      0.48843950033187866,
      0.20173364877700806,
      0.08576624095439911,
      0.24552962183952332,
      0.050338249653577805,
      0.14728358387947083,
      -0.33277618885040283,
      0.39455169439315796
    ],
    [
      -0.03650595620274544,
      -0.8926460146903992,
      -0.021607249975204468,
      0.11051584035158157,
      0.7366220355033875,
      -0.022434353828430176,
      -3.5828874111175537,
      0.3309457004070282,
      0.12941831350326538,
      -0.15468013286590576,
      0.6976748108863831,
      -0.5268983840942383,
      -0.2344139665365219,
      -0.38318610191345215,
      0.0856747105717659,
      -3.2303953170776367
    ],
    [
      0.06111181899905205,
      0.463984876871109,
      -0.17208972573280334,
      -0.3552115261554718,
      -4.172320365905762,
      -0.06978791952133179,
      0.6961268186569214,
