{
  "model.0.weight": [
    [
      1.3061633110046387,
      1.1885333061218262
    ],
    [
      1.2750921249389648,
      -0.49488565325737
    ],
    [
      1.2957801818847656,
      0.8751307129859924
    ],
    [
      -2.3793482780456543,
      0.04539680480957031
    ],
    [
      -0.48276209831237793,
      -0.8165490627288818
    ],
    [
      -0.1281188428401947,
      -0.2933504283428192
    ],
    [
      0.08056864887475967,
      0.3651496469974518
    ],
    [
      -0.5420406460762024,
      1.637658953666687
    ],
    [
      0.8118237853050232,
      -0.7989926934242249
    ],
    [
      -1.1512572765350342,
      -1.3700318336486816
    ],
    [
      -3.3094356060028076,
      -0.43261951208114624
    ],
    [
      -0.05322355031967163,
      -0.17196285724639893
    ],
    [
      -0.3572646677494049,
      -0.2246432900428772
    ],
    [
      0.9542660117149353,
      3.296670436859131
    ],
    [
      -0.7816086411476135,
      -0.9308786988258362
    ],
    [
      0.29394251108169556,
      -0.04084360599517822
    ]
  ],
  "model.0.bias": [
    0.379642128944397,
    0.11093783378601074,
    -0.09731245040893555,
    -0.8563944697380066,
    -0.5501942038536072,
    -0.3692548871040344,
    -0.4475332796573639,
    1.3462716341018677,
    -0.3531147241592407,
    -0.47875237464904785,
    -0.16159868240356445,
    -0.2472197413444519,
    -0.6167270541191101,
    1.2344176769256592,
    -0.3580174446105957,
    -0.4621359705924988
  ],
  "model.2.weight": [
    [
      -0.7628076672554016,
      -5.52412223815918,
      -0.030094068497419357,
      0.6147537231445312,
      0.13299870491027832,
      0.1317773461341858,
      0.09864626824855804,
      -0.4636285603046417,
      -2.703158140182495,
      0.550125777721405,
      0.2240987867116928,
      -0.10745897889137268,
      -0.05623626708984375,
      -2.8233449459075928,
      0.31285515427589417,
      0.20159441232681274
    ],
    [
      0.6861769556999207,
      0.1287441998720169,
      0.6548866033554077,
      -0.39970308542251587,
      -0.14252160489559174,
      -0.02000224031507969,
      -0.29935622215270996,
      -1.6554170846939087,
      -0.09401565045118332,
      -1.5021677017211914,
      0.7164437770843506,
      -0.24798354506492615,
      -0.045556336641311646,
      -3.9961225986480713,
      -0.9525163769721985,
      0.22969511151313782
    ],
    [
      -1.794199824333191,
      0.2906379699707031,
      -1.0743250846862793,
      -6.174210071563721,
      0.5138965845108032,
      0.30550187826156616,
      -0.16352516412734985,
      -5.175790786743164,
      0.4607895314693451,
      0.4069823622703552,
      1.3322045803070068,
      0.15043625235557556,
      -0.031983017921447754,
      -2.1988165378570557,
      0.2160458266735077,
      0.0807735025882721
    ],
    [
      -0.3037291169166565,
      -0.37494054436683655,
      -0.7128881812095642,
      -0.33455827832221985,
      0.15307936072349548,
      0.07781200110912323,
      0.042372822761535645,
      -0.21842187643051147,
      -0.1208467036485672,
      -0.3576371371746063,
      -0.43071526288986206,
      -0.13912153244018555,
      -0.18465501070022583,
      -0.09076901525259018,
      -0.17785151302814484,
      -0.22704705595970154
    ],
    [
      -0.5627484917640686,
      0.03149940446019173,
      0.07671035826206207,
      0.28252527117729187,
      -0.6800454258918762,
      -0.31437355279922485,
      0.14650215208530426,
      0.044671397656202316,
      -0.19523237645626068,
      -1.374199628829956,
      0.1441372036933899,
      0.13650944828987122,
      -0.12420326471328735,
      -0.46897637844085693,
      -0.7805107235908508,
      0.06327691674232483
    ],
    [
      0.06972482055425644,
      0.46770939230918884,
      0.9161069989204407,
      -0.45417773723602295,
      0.6475721001625061,
      0.33964648842811584,
      -0.015291983261704445,
      -2.114323377609253,
      0.6896122694015503,
      0.29018479585647583,
      -3.918238639831543,
      -0.0951332151889801,
      -0.07259294390678406,
      -2.584139108657837,
      0.2726346552371979,
      0.02720433473587036
    ],
    [
      -0.5185544490814209,
      -0.1804017424583435,
      -0.29087817668914795,
      0.07726254314184189,
      -0.3570462763309479,
      -0.4287983775138855,
      0.029010996222496033,
      -0.10066569596529007,
      -0.24836809933185577,
      0.11685267835855484,
      -0.3123970925807953,
      0.01567283272743225,
      0.23258942365646362,
      -0.1409805864095688,
      -0.17264007031917572,
      0.1546429693698883
    ],
    [
      0.3310317397117615,
      0.14735224843025208,
      0.11319082975387573,
      -0.3346872627735138,
      -0.6100626587867737,
      -0.20880603790283203,
      0.09122131764888763,
      0.08259068429470062,
      -0.8250313997268677,
      -1.1101171970367432,
      -0.5650904774665833,
      0.08503812551498413,
      -0.21920660138130188,
      0.062146369367837906,
      -0.5811370611190796,
      -0.10129097104072571
    ],
    [
      0.25488603115081787,
      -0.06908164173364639,
      0.7367206811904907,
      -0.3567529320716858,
      0.2500876784324646,
      0.3877914845943451,
      0.0808507576584816,
      -0.8075976967811584,
      0.0001204581931233406,
      0.70359206199646,
      -3.4621496200561523,
      0.06584444642066956,
      0.12361118197441101,
      -1.21987783908844,
      0.5209843516349792,
      -0.17973145842552185
    ],
    [
      0.1891651600599289,
      0.5386876463890076,
      -0.374526709318161,
      0.37407025694847107,
      -1.1803114414215088,
      -0.4421575367450714,
      0.09534671902656555,
      -1.079099178314209,
      0.3661673367023468,
      -4.199623107910156,
      -0.012809151783585548,
      0.15324094891548157,
      0.18094220757484436,
      -2.3137993812561035,
      -2.861621856689453,
      -0.2131132185459137
    ],
    [
      -0.18488815426826477,
      -0.21276646852493286,
      -0.6361925005912781,
      0.013236225582659245,
      -0.3071218729019165,
      -0.4589584469795227,
      -0.0906345546245575,
      -0.34563204646110535,
      0.01481611281633377,
      -0.17528462409973145,
      0.006927138660103083,
      0.03130713105201721,
      0.008426964282989502,
      -0.36746126413345337,
      -0.24598805606365204,
      -0.20779955387115479
    ],
    [
      -0.07855290174484253,
      -0.23296350240707397,
      -0.11658763885498047,
      0.011501461267471313,
      -0.16465231776237488,
      -0.10369899868965149,
      -0.04492160677909851,
      -0.0288008451461792,
      -0.1380036473274231,
      0.012012749910354614,
      -0.035090118646621704,
      0.07149890065193176,
      0.011291861534118652,
      -0.12484243512153625,
      -0.08607098460197449,
      -0.0028814375400543213
    ],
    [
      0.6818030476570129,
      0.018840301781892776,
      0.5425898432731628,
      -3.271857500076294,
      0.2269616723060608,
      0.07719942927360535,
      -0.008241355419158936,
      -3.675281047821045,
      0.0447414293885231,
      -0.685089111328125,
      1.1842557191848755,
      -0.08095067739486694,
      -0.09486111998558044,
      -3.440066337585449,
      0.0839538648724556,
      0.14311420917510986
    ],
    [
      0.009229684248566628,
      0.17468445003032684,
      -0.28661006689071655,
      0.04034188389778137,
      0.0999893993139267,
      0.1060178130865097,
      -0.19896343350410461,
      0.028920747339725494,
      -0.20247630774974823,
      -0.06982056051492691,
      -0.11222179979085922,
      -0.20874112844467163,
      -0.23847860097885132,
      -0.1644744873046875,
      0.05338815227150917,
      0.11435887217521667
    ],
    [
      -2.179171562194824,
      0.24284029006958008,
      -0.9090921878814697,
      0.3695880174636841,
      -0.13058774173259735,
      0.005026778671890497,
      0.04421544075012207,
      0.06411054730415344,
