{
  "model.0.weight": [
    [
      1.1081620454788208,
      -1.1632214784622192
    ],
    [
      -0.018867362290620804,
      -0.25558266043663025
    ],
    [
      0.8425835967063904,
      0.7130507826805115
    ],
    [
      0.5868774652481079,
      -0.3562120795249939
    ],
    [
      0.06869938969612122,
      0.20311175286769867
    ],
    [
      1.2980996370315552,
      -0.974940299987793
    ],
    [
      -0.013842636719346046,
      0.304531067609787
    ],
    [
      0.0563279390335083,
      0.03190350532531738
    ],
    [
      -1.0004583597183228,
      -1.9952391386032104
    ],
    [
      -1.0537512302398682,
      -0.9508636593818665
    ],
    [
      -0.11473236232995987,
      0.0499856136739254
    ],
    [
      -0.9066011905670166,
      -1.8052223920822144
    ],
    [
      1.358069658279419,
      0.026418138295412064
    ],
    [
      0.13448801636695862,
      -0.9651128053665161
    ],
    [
      -0.28882965445518494,
      0.2598903775215149
    ],
    [
      -0.9714405536651611,
      -2.5768330097198486
    ]
  ],
  "model.0.bias": [
    -0.3518487513065338,
    -0.3285025656223297,
    -0.31457605957984924,
    -0.16868120431900024,
    -0.22853553295135498,
    -0.0888749212026596,
    -0.3215460777282715,
    -0.6549739241600037,
    -0.987098753452301,
    -0.1320563703775406,
    -0.1941000521183014,
    -0.8911553621292114,
    -0.6580706238746643,
    0.02280348539352417,
    -0.5631396174430847,
    -0.32618609070777893
  ],
  "model.2.weight": [
    [
      0.03621349483728409,
      0.003826349973678589,
      0.13950450718402863,
      0.12134330719709396,
      0.11482024192810059,
      0.36216211318969727,
      0.042242445051670074,
      0.19514986872673035,
      0.45500144362449646,
      -0.444802463054657,
      0.009714441373944283,
      0.33869320154190063,
      -1.0026684999465942,
      -0.14462505280971527,
      -0.019325822591781616,
      -0.5898650288581848
    ],
    [
      -0.036748256534338,
      0.11121086031198502,
      0.3375515341758728,
      0.1401916891336441,
      -0.015251978300511837,
      0.14803504943847656,
      0.33404654264450073,
      -0.14752119779586792,
      -3.9631752967834473,
      0.33234718441963196,
      0.15718987584114075,
      -3.94549822807312,
      0.17620158195495605,
      0.40114814043045044,
      -0.2077350914478302,
      0.6061791181564331
    ],
    [
      0.10108835995197296,
      0.18667231500148773,
      0.05519568920135498,
      0.02710171788930893,
      0.0990961566567421,
      -0.09572349488735199,
      -0.21758441627025604,
      0.12491413950920105,
      -0.20295007526874542,
      -0.23216582834720612,
      -0.1926380693912506,
      -0.025920411571860313,
      -0.05794891342520714,
      -0.19246740639209747,
      -0.14714157581329346,
      -0.024114225059747696
    ],
    [
      -0.27335265278816223,
      -0.15806299448013306,
      -0.08251502364873886,
      -0.13047830760478973,
      0.10057142376899719,
      0.14050832390785217,
      -0.0353245846927166,
      0.08603942394256592,
      0.05115687474608421,
      -0.07137340307235718,
      -0.15823504328727722,
      0.040921472012996674,
      -0.0685853660106659,
      0.12081120908260345,
      -0.0647897720336914,
      -0.15183904767036438
    ],
    [
      0.36444446444511414,
      -0.23631024360656738,
      -0.5679906010627747,
      0.3749292194843292,
      0.296906054019928,
      0.6225830316543579,
      -0.08866501599550247,
      -0.13417619466781616,
      -5.357436180114746,
      -1.457832932472229,
      0.14864306151866913,
      -5.167272090911865,
      0.48637712001800537,
      0.30113354325294495,
      -0.1581861674785614,
      0.2416912317276001
    ],
    [
      -0.2036908119916916,
      -0.05779299512505531,
      0.14985059201717377,
      -0.2507688105106354,
      0.18150989711284637,
      -0.3803558647632599,
      0.10325294733047485,
      0.15678852796554565,
      -0.258566677570343,
      -0.45124390721321106,
      0.22035346925258636,
      -0.3875904977321625,
      -0.1283969134092331,
      0.31000593304634094,
      0.06838274002075195,
      -2.603731155395508
    ],
    [
      -0.08853963017463684,
      0.23752999305725098,
      0.11141034215688705,
      -0.06594660878181458,
      -0.23513272404670715,
      -0.045597221702337265,
      -0.17024338245391846,
      0.20329788327217102,
      -0.15177184343338013,
      -0.018050402402877808,
      -0.055485665798187256,
      0.04448845982551575,
      0.1787031888961792,
      -0.03279981017112732,
      0.14479100704193115,
      0.13750368356704712
    ],
    [
      0.08911691606044769,
      -0.1981361210346222,
      -1.82825767993927,
      -0.3416896462440491,
      -0.22576861083507538,
      -0.09192314743995667,
      0.02651396207511425,
      -0.16956308484077454,
      -0.3419910669326782,
      -0.08047814667224884,
      -0.1368241161108017,
      -0.13183756172657013,
      0.21649141609668732,
      0.035944752395153046,
      0.013380706310272217,
      -0.110117107629776
    ],
    [
      -0.5965961217880249,
      -0.15529343485832214,
      -0.02953481860458851,
      -2.2861244678497314,
      -0.0966225191950798,
      -0.3401394486427307,
      -0.1030675545334816,
      -0.24645847082138062,
      -4.0390143394470215,
      0.8082471489906311,
      0.1953570544719696,
      -3.5839121341705322,
      -2.2093400955200195,
      -0.2091328501701355,
      -0.12334272265434265,
      -0.15648049116134644
    ],
    [
      0.738339364528656,
      -0.0982583686709404,
      -0.000798286113422364,
      0.7260185480117798,
      0.18001949787139893,
      0.8249736428260803,
      -0.10631556063890457,
      -0.0034491419792175293,
      0.1702568382024765,
      -0.3633578419685364,
      0.200963094830513,
      0.24779698252677917,
      -1.1142784357070923,
      0.17500893771648407,
      -0.12490907311439514,
      -0.38034605979919434
    ],
    [
      0.47437989711761475,
      -0.22005921602249146,
      0.06471260637044907,
      0.2808587849140167,
      0.2624243497848511,
      0.38842448592185974,
      -0.025252366438508034,
      -0.0966998040676117,
      -0.4238678216934204,
      -1.6509733200073242,
      0.2867465019226074,
      -0.5426439642906189,
      0.9612271785736084,
      0.5071921348571777,
      0.1590656042098999,
      -6.6216583251953125
    ],
    [
      -0.1635552942752838,
      0.2181732952594757,
      0.08842936158180237,
      0.0066419243812561035,
      0.03383302688598633,
      -0.20092418789863586,
      -0.08347135782241821,
      0.24065452814102173,
      -0.06165805459022522,
      -0.012541025876998901,
      -0.2075827717781067,
      -0.13985177874565125,
      -0.0051048994064331055,
      -0.15528985857963562,
      -0.031002402305603027,
      0.1017397940158844
    ],
    [
      -0.24454432725906372,
      0.018983926624059677,
      -0.0748542845249176,
      -0.13456197082996368,
      0.05569378286600113,
      0.12722176313400269,
      -0.09654787927865982,
      -0.10264226794242859,
      -0.25141268968582153,
      -0.1377471685409546,
      -0.2648312449455261,
      -0.05550288036465645,
      0.05101385712623596,
      -0.2734373211860657,
      0.21827837824821472,
      0.15055765211582184
    ],
    [
      -3.617173433303833,
      -0.04956389218568802,
      0.626483142375946,
      -1.5777933597564697,
      -0.11075650155544281,
      -3.703575372695923,
      0.14022615551948547,
      -0.13974955677986145,
      0.4247393310070038,
      0.5189687013626099,
      0.17051926255226135,
      0.3061923086643219,
      0.7797670364379883,
      -0.9994741678237915,
      -0.04043355584144592,
      0.3961268663406372
    ],
    [
      -0.4401863217353821,
      0.04835662618279457,
      -0.3503440022468567,
      -0.028494292870163918,
      -0.043186623603105545,
      -0.20324018597602844,
      -0.04314899072051048,
